<?xml version="1.0" encoding="UTF-8"?>
<!DOCTYPE mapper PUBLIC "-//mybatis.org//DTD Mapper 3.0//EN" "http://mybatis.org/dtd/mybatis-3-mapper.dtd">
<mapper namespace="emt.emt.board.dao.mapper.BoardMapper">
	<resultMap id="boardMap" type="emt.emt.common.domain.Board">
		<result property="boardNo" column="board_no"/> 
		<result property="boardTitle" column="board_title"/> 
		<result property="boardContent" column="board_content"/> 
		<result property="boardDate" column="board_date"/> 
		<result property="boardCount" column="board_count"/> 
		<result property="userId" column="user_id"/> 
	</resultMap>
	
	<select id="noticeList" parameterType="int" resultMap="boardMap">
		<![CDATA[
		SELECT board_no boardNo, board_title boardTitle, board_content boardContent, board_date boardDate,
			   board_count boardCount, user_id userId
		FROM (SELECT rownum AS rnum, M.* 
			  FROM (
			  		SELECT b.* 
					FROM board b, notice n
					WHERE b.board_no = n.board_no
					ORDER BY board_date DESC
			  		) M 
			  WHERE rownum  < = 7*#{type})
		WHERE rnum > 7*(#{type}-1)
		]]>
	</select>
	
	<select id="noticeCount" resultType="int">
	<![CDATA[
		SELECT COUNT(*) 
		FROM board b, notice n
		WHERE b.board_no = n.board_no
	]]>	
	</select>
	
	<!-- 누르면 조회수 올리기 -->
	<update id="hitPlus" parameterType="emt.emt.common.domain.Board">
			UPDATE board 
			SET board_count = ( SELECT board_count 
			   					FROM board
			   					WHERE board_no=#{boardNo})+1
			WHERE board_no=#{boardNo}
	</update>
	
	<!-- 게시판상세보기 -->
	<select id="boardView" parameterType="emt.emt.common.domain.Board" resultMap="boardMap">
		
		select *
		from board
		where board_no = #{boardNo}
	
	</select>
	
	<select id="boardList" parameterType="int" resultMap="boardMap">
		<![CDATA[
		SELECT board_no boardNo, board_title boardTitle, board_content boardContent, board_date boardDate,
			   board_count boardCount, user_id userId
		FROM (SELECT rownum AS rnum, M.* 
			  FROM (
			  		SELECT * 
					FROM board 
					WHERE user_id != 'admin'
					ORDER BY board_date DESC
			  		) M 
			  WHERE rownum  < = 7*#{type})
		WHERE rnum > 7*(#{type}-1)
		]]>
	</select>
	
	<select id="boardCount" resultType="int">
	<![CDATA[
		SELECT COUNT(*) 
		FROM board
		WHERE user_id != 'admin'
	]]>	
	</select>
	
	
	<insert id="boardInsert" parameterType="emt.emt.common.domain.Board">
	  <selectKey keyProperty="boardNo" resultType="int" order="BEFORE">
	  	select SEQ_BOARD_NO.nextval FROM DUAL
	  </selectKey>
		insert into board(BOARD_NO,BOARD_TITLE,BOARD_CONTENT,USER_ID,BOARD_DATE,BOARD_COUNT)
			values(#{boardNo}, #{boardTitle}, #{boardContent}, #{userId}, SYSDATE, 0)
	</insert>
	
	<update id="boardUpdate" parameterType="emt.emt.common.domain.Board">
	  update board set BOARD_TITLE=#{boardTitle}, BOARD_CONTENT=#{boardContent}
	  	where BOARD_NO=#{boardNo}
	</update>
	
	<delete id="boardDelete" parameterType="emt.emt.common.domain.Board">
	  delete board where BOARD_NO=#{boardNo}
	</delete>
	
	<!-- 인덱스 최근 게시판 목록  -->
		<select id="indexBoardList" parameterType="int" resultMap="boardMap">
		<![CDATA[
		SELECT board_no boardNo, board_title boardTitle, board_content boardContent, board_date boardDate,
			   board_count boardCount, user_id userId
		FROM (SELECT rownum AS rnum, M.* 
			  FROM (
			  		SELECT * 
					FROM board 
					WHERE user_id != 'admin'
					ORDER BY board_date DESC
			  		) M 
			  WHERE rownum  < = 4*#{type})
		WHERE rnum > 4*(#{type}-1)
		]]>
	</select>
	
	
	
</mapper>





