<?xml version="1.0" encoding="UTF-8"?>
<beans xmlns="http://www.springframework.org/schema/beans"
	xmlns:xsi="http://www.w3.org/2001/XMLSchema-instance" xmlns:context="http://www.springframework.org/schema/context"
	xmlns:mvc="http://www.springframework.org/schema/mvc" xmlns:mybatis="http://mybatis.org/schema/mybatis-spring"
	xmlns:tx="http://www.springframework.org/schema/tx"
	xsi:schemaLocation="http://www.springframework.org/schema/mvc 
		http://www.springframework.org/schema/mvc/spring-mvc.xsd
		http://www.springframework.org/schema/beans 
		http://www.springframework.org/schema/beans/spring-beans.xsd
		http://www.springframework.org/schema/context 
		http://www.springframework.org/schema/context/spring-context.xsd
		http://mybatis.org/schema/mybatis-spring
		http://mybatis.org/schema/mybatis-spring.xsd
		http://www.springframework.org/schema/tx 
        http://www.springframework.org/schema/tx/spring-tx.xsd
		">

	<context:component-scan base-package="emt.emt" />
	<mvc:annotation-driven />
	<bean
		class="org.springframework.web.servlet.view.InternalResourceViewResolver">
		<property name="prefix" value="/WEB-INF/views/" />
		<property name="suffix" value=".jsp" />
	</bean>

	<mvc:resources mapping="/img/**" location="/resources/img/" />
	<mvc:resources mapping="/css/**" location="/resources/css/" />
	<mvc:resources mapping="/js/**" location="/resources/js/" />
	<mvc:resources mapping="/questions/**" location="/resources/questions/" />

	<!-- ch03: mybatis -->
	<bean id="dataSource" class="org.springframework.jndi.JndiObjectFactoryBean">
		<property name="jndiName" value="java:comp/env/jdbc/emt" />
		<property name="resourceRef" value="true" />
	</bean>

	<bean id="sqlSessionFactory" class="org.mybatis.spring.SqlSessionFactoryBean">
		<property name="dataSource" ref="dataSource" />
		<property name="mapperLocations" value="classpath*:emt/emt/dao/mapper/*.xml" />
	</bean>

	<mybatis:scan base-package="emt.emt.join.dao.mapper" />
	<mybatis:scan base-package="emt.emt.login.dao.mapper" />
	<mybatis:scan base-package="emt.emt.member.dao.mapper" />
	<mybatis:scan base-package="emt.emt.question.dao.mapper" />
	<mybatis:scan base-package="emt.emt.board.dao.mapper" />
	<mybatis:scan base-package="emt.emt.review.dao.mapper" />
	<mybatis:scan base-package="emt.emt.part.dao.mapper" />
	<mybatis:scan base-package="emt.emt.reply.dao.mapper" />
	<mybatis:scan base-package="emt.emt.notice.dao.mapper" />
	<mybatis:scan base-package="emt.emt.grammar.dao.mapper" />
	<mybatis:scan base-package="emt.emt.score.dao.mapper" />
	<mybatis:scan base-package="emt.emt.find.dao.mapper" />
	<mybatis:scan base-package="emt.emt.grant.dao.mapper" />

	<!-- ch03: file upload -->
	<bean id="multipartResolver"
		class="org.springframework.web.multipart.commons.CommonsMultipartResolver" />
	<context:property-placeholder location="classpath:emt/emt/prop.properties" />
	<mvc:resources mapping="/upload/**" location="/upload/" />

	<!-- ch04 : ajax -->
	<bean
		class="org.springframework.web.servlet.mvc.annotation.AnnotationMethodHandlerAdapter">

		<property name="messageConverters">
			<list>
				<bean
					class="org.springframework.http.converter.json.MappingJacksonHttpMessageConverter"></bean>
			</list>
		</property>
	</bean>
	
	<!-- ch05: transaction -->
    <bean id="transactionManager" class="org.springframework.jdbc.datasource.DataSourceTransactionManager">
          <property name="dataSource" ref="dataSource" />
    </bean>
    <tx:annotation-driven transaction-manager="transactionManager" />
  
	
	<!-- 메일 인증 관련 빈 -->
	<bean id="mailSender" class="org.springframework.mail.javamail.JavaMailSenderImpl">
        <property name="username" value="wgkb1054" />
	    <property name="password" value="wzwvugcgeksnnoxn" />
	    <property name="javaMailProperties">
	    <props>
	        <prop key="mail.smtp.starttls.enable">true</prop>
	        <prop key="mail.smtp.host">smtp.gmail.com</prop>
	        <prop key="mail.smtp.port">465</prop>
	        <prop key="mail.smtp.socketFactory.class">javax.net.ssl.SSLSocketFactory</prop>
	        <prop key="mail.smtp.socketFactory.port">465</prop>
	        <prop key="mail.smtp.socketFactory.fallback">false</prop>
	        <prop key="mail.smtp.auth">true</prop>
	    </props>
	    </property> 
    </bean>	
   
</beans>

